id,Title,Permalink,Format
1356,"What You Need To Know About The USMLE Step 1 Percentiles",https://www.medlearnity.com/usmle-step-1-percentiles/,
1359,"Is It Necessary To Learn About Previous USMLE Step 2 Percentiles",https://www.medlearnity.com/usmle-step-2-percentiles/,
1361,"USMLE Step 3 Percentiles: How High Do You Need To Score To Pass",https://www.medlearnity.com/usmle-step-3-percentiles/,
1363,"What You Should Know About Creating A USMLE Step 1 Study Schedule",https://www.medlearnity.com/usmle-step-1-study-schedule/,
1365,"Should You Be Concerned With The USMLE Step 2 Study Schedule?",https://www.medlearnity.com/usmle-step-2-study-schedule/,
1367,"Improving Your USMLE Step 3 Study Schedule",https://www.medlearnity.com/usmle-step-3-study-schedule/,
1383,"Getting To Know The NBME Step 1 Practice Exams",https://www.medlearnity.com/nbme-step-1-practice-exams/,
1386,"MCAT Tutoring Is Your First Step To Med School",https://www.medlearnity.com/mcat-tutoring/,
1392,"The Right Approach To The COMLEX-USA Exam â€“ Tips & Tricks",https://www.medlearnity.com/comlex-usa-exam/,
1463,"Are You Taking The Family Medicine Board Exams? Read This",https://www.medlearnity.com/family-medicine-board-exams/,
1465,"Introducing The World Of Internal Medicine - & How You Can Be Part of It",https://www.medlearnity.com/internal-medicine-board-exam/,
1486,"Medical School Application Advising Services",https://www.medlearnity.com/medical-school-application-advising-services/,
1496,"How To Study for the USMLE During Quarantine",https://www.medlearnity.com/how-to-study-for-the-usmle-during-quarantine/,
1512,"USMLE Step 2 CS Testing Suspended - COVID-19 Response",https://www.medlearnity.com/usmle-step-2-cs-testing-suspension/,
1544,"USMLE Step 2 CS Testing Suspended - COVID-19 Response",https://www.medlearnity.com/?p=1544,
1547,"How To Study for the USMLE During Quarantine",https://www.medlearnity.com/?p=1547,
1554,"How To Study for the USMLE During Quarantine",https://www.medlearnity.com/?p=1554,
1569,"Medical School Application Advising Services",https://www.medlearnity.com/?p=1569,
